
---------------------------------------
--"INSERT DATA INTO POSITION HISTORY"
---------------------------------------
INSERT INTO POSITION_HISTORY(EMPLOYEE_ID,POSITION_START_DATE,POSITION_ID) VALUES (100000,'03/23/2005',1);
GO

INSERT INTO POSITION_HISTORY(EMPLOYEE_ID,POSITION_START_DATE,POSITION_ID) VALUES (100001,'03/23/2005',2);
GO

INSERT INTO POSITION_HISTORY(EMPLOYEE_ID,POSITION_START_DATE,POSITION_ID) VALUES (100002,'01/27/2018',3);
GO

INSERT INTO POSITION_HISTORY(EMPLOYEE_ID,POSITION_START_DATE,POSITION_ID) VALUES (100003,'04/01/2017',3);
GO

INSERT INTO POSITION_HISTORY(EMPLOYEE_ID,POSITION_START_DATE,POSITION_ID) VALUES (100004,'04/15/2017',4);
GO

INSERT INTO POSITION_HISTORY(EMPLOYEE_ID,POSITION_START_DATE,POSITION_ID) VALUES (100005,'03/08/2019',4);
GO

INSERT INTO POSITION_HISTORY(EMPLOYEE_ID,POSITION_START_DATE,POSITION_ID) VALUES (100006,'01/05/2017',5);
GO

INSERT INTO POSITION_HISTORY(EMPLOYEE_ID,POSITION_START_DATE,POSITION_ID) VALUES (100007,'01/07/2018',5);
GO

INSERT INTO POSITION_HISTORY(EMPLOYEE_ID,POSITION_START_DATE,POSITION_ID) VALUES (100008,'03/05/2019',5);
GO

INSERT INTO POSITION_HISTORY(EMPLOYEE_ID,POSITION_START_DATE,POSITION_ID) VALUES (100009,'05/05/2017',5);
GO

INSERT INTO POSITION_HISTORY(EMPLOYEE_ID,POSITION_START_DATE,POSITION_ID) VALUES (100010,'05/05/2017',5);
GO

INSERT INTO POSITION_HISTORY(EMPLOYEE_ID,POSITION_START_DATE,POSITION_ID) VALUES (100011,'08/01/2019',6);
GO

INSERT INTO POSITION_HISTORY(EMPLOYEE_ID,POSITION_START_DATE,POSITION_ID) VALUES (100012,'05/05/2017',6);
GO

INSERT INTO POSITION_HISTORY(EMPLOYEE_ID,POSITION_START_DATE,POSITION_ID) VALUES (100013,'02/01/2018',6);
GO

INSERT INTO POSITION_HISTORY(EMPLOYEE_ID,POSITION_START_DATE,POSITION_ID) VALUES (100014,'02/01/2018',6);
GO

INSERT INTO POSITION_HISTORY(EMPLOYEE_ID,POSITION_START_DATE,POSITION_ID) VALUES (100015,'08/01/2017',7);
GO

INSERT INTO POSITION_HISTORY(EMPLOYEE_ID,POSITION_START_DATE,POSITION_ID) VALUES (100016,'01/05/2018',7);
GO

INSERT INTO POSITION_HISTORY(EMPLOYEE_ID,POSITION_START_DATE,POSITION_ID) VALUES (100017,'09/01/2017',7);
GO

INSERT INTO POSITION_HISTORY(EMPLOYEE_ID,POSITION_START_DATE,POSITION_ID) VALUES (100018,'06/01/2019',7);
GO

INSERT INTO POSITION_HISTORY(EMPLOYEE_ID,POSITION_START_DATE,POSITION_ID) VALUES (100019,'03/01/2017',8);
GO

INSERT INTO POSITION_HISTORY(EMPLOYEE_ID,POSITION_START_DATE,POSITION_ID) VALUES (100020,'07/05/2018',8);
GO

INSERT INTO POSITION_HISTORY(EMPLOYEE_ID,POSITION_START_DATE,POSITION_ID) VALUES (100021,'02/04/2018',8);
GO

INSERT INTO POSITION_HISTORY(EMPLOYEE_ID,POSITION_START_DATE,POSITION_ID) VALUES (100022,'06/01/2019',8);
GO

----------------------------------
--"INSERT DATA INTO POSITION "
---------------------------------
INSERT INTO POSITION(POSITION_ID,POSITION_NAME,POSITION_DESCRIPTION, POSITION_SALARY_LOWER, POSITION_SALARY_UPPER) VALUES (1,'CIO','Lead and supervise information technology and computer systems', 225000, 300000);
GO

INSERT INTO POSITION(POSITION_ID,POSITION_NAME,POSITION_DESCRIPTION, POSITION_SALARY_LOWER, POSITION_SALARY_UPPER) VALUES (2,'Director','Responsible for the management, strategy and execution of information technoogy infrastructure.', 175000, 225000);
GO

INSERT INTO POSITION(POSITION_ID,POSITION_NAME,POSITION_DESCRIPTION, POSITION_SALARY_LOWER, POSITION_SALARY_UPPER) VALUES (3,'IS Manager','Maintains information security staff by recruiting, selecting, orienting, and training employees.', 125000, 175000);
GO

INSERT INTO POSITION(POSITION_ID,POSITION_NAME,POSITION_DESCRIPTION, POSITION_SALARY_LOWER, POSITION_SALARY_UPPER) VALUES (4,'IS Supervisor','Organizing workflow and ensuring that employees understand their duties or delegated tasks.', 115000, 135000);
GO

INSERT INTO POSITION(POSITION_ID,POSITION_NAME,POSITION_DESCRIPTION, POSITION_SALARY_LOWER, POSITION_SALARY_UPPER) VALUES (5,'Systems Developer','Develop and implement applications and programs for backend processing systems.', 55000, 85000);
GO

INSERT INTO POSITION(POSITION_ID,POSITION_NAME,POSITION_DESCRIPTION, POSITION_SALARY_LOWER, POSITION_SALARY_UPPER) VALUES (6,'Systems Engineer','Managing and monitoring all installed systems and infrastructure.', 55000, 85000);
GO

INSERT INTO POSITION(POSITION_ID,POSITION_NAME,POSITION_DESCRIPTION, POSITION_SALARY_LOWER, POSITION_SALARY_UPPER) VALUES (7,'IS Engineer','Safeguard computer networks and systems.', 55000, 85000);
GO

INSERT INTO POSITION(POSITION_ID,POSITION_NAME,POSITION_DESCRIPTION, POSITION_SALARY_LOWER, POSITION_SALARY_UPPER) VALUES (8,'Systems Architect','Design, configure, operate and perform maintenance on networking and computer systems', 55000, 85000);
GO

----------------------------------
--"INSERT DATA INTO EMPLOYEE "
---------------------------------
INSERT INTO EMPLOYEE (EMPLOYEE_ID, E_FIRST_NAME, E_MIDDLE_INTIAL, E_LAST_NAME, GENDER, HIRE_DATE, SUPERVISOR_ID) VALUES (100000, 'Jed', 'B', 'Strickland', 'Male','03/23/2005', NULL);
GO

INSERT INTO EMPLOYEE (EMPLOYEE_ID, E_FIRST_NAME, E_MIDDLE_INTIAL, E_LAST_NAME, GENDER, HIRE_DATE, SUPERVISOR_ID) VALUES (100001, 'Dav', 'Y', 'Kirsz', 'Male','03/23/2005', 100000);
GO

INSERT INTO EMPLOYEE (EMPLOYEE_ID, E_FIRST_NAME, E_MIDDLE_INTIAL, E_LAST_NAME, GENDER, HIRE_DATE, SUPERVISOR_ID) VALUES (100002, 'Calla', 'G', 'Langtree', 'Female','01/27/2018', 100001);
GO

INSERT INTO EMPLOYEE (EMPLOYEE_ID, E_FIRST_NAME, E_MIDDLE_INTIAL, E_LAST_NAME, GENDER, HIRE_DATE, SUPERVISOR_ID) VALUES (100003, 'Paulie', 'G', 'Shaplin', 'Male','04/01/2017', 100001);
GO

INSERT INTO EMPLOYEE (EMPLOYEE_ID, E_FIRST_NAME, E_MIDDLE_INTIAL, E_LAST_NAME, GENDER, HIRE_DATE, SUPERVISOR_ID) VALUES (100004, 'Natassia', 'B', 'Kemwall', 'Female','04/15/2017', 100002);
GO

INSERT INTO EMPLOYEE (EMPLOYEE_ID, E_FIRST_NAME, E_MIDDLE_INTIAL, E_LAST_NAME, GENDER, HIRE_DATE, SUPERVISOR_ID) VALUES (100005, 'Barnabas', 'W', 'Osburn', 'Male','03/08/2019', 100002);
GO

INSERT INTO EMPLOYEE (EMPLOYEE_ID, E_FIRST_NAME, E_MIDDLE_INTIAL, E_LAST_NAME, GENDER, HIRE_DATE, SUPERVISOR_ID) VALUES (100006, 'Chance', 'H', 'Longfut', 'Male','01/05/2017', 100002);
GO

INSERT INTO EMPLOYEE (EMPLOYEE_ID, E_FIRST_NAME, E_MIDDLE_INTIAL, E_LAST_NAME, GENDER, HIRE_DATE, SUPERVISOR_ID) VALUES (100007, 'Jobie', 'D', 'Froud', 'Female','01/07/2018', 100002);
GO

INSERT INTO EMPLOYEE (EMPLOYEE_ID, E_FIRST_NAME, E_MIDDLE_INTIAL, E_LAST_NAME, GENDER, HIRE_DATE, SUPERVISOR_ID) VALUES (100008, 'Di', 'H', 'Sykora', 'Female','03/05/2019', 100002);
GO

INSERT INTO EMPLOYEE (EMPLOYEE_ID, E_FIRST_NAME, E_MIDDLE_INTIAL, E_LAST_NAME, GENDER, HIRE_DATE, SUPERVISOR_ID) VALUES (100009, 'Barbabas', 'M', 'Linfitt', 'Male','05/05/2017', 100002);
GO

INSERT INTO EMPLOYEE (EMPLOYEE_ID, E_FIRST_NAME, E_MIDDLE_INTIAL, E_LAST_NAME, GENDER, HIRE_DATE, SUPERVISOR_ID) VALUES (100010, 'Stinky', 'M', 'Branigan', 'Male','05/05/2017', 100002);
GO

INSERT INTO EMPLOYEE (EMPLOYEE_ID, E_FIRST_NAME, E_MIDDLE_INTIAL, E_LAST_NAME, GENDER, HIRE_DATE, SUPERVISOR_ID) VALUES (100011, 'Monti', 'P', 'Chappel', 'Male','08/01/2019', 100002);
GO

INSERT INTO EMPLOYEE (EMPLOYEE_ID, E_FIRST_NAME, E_MIDDLE_INTIAL, E_LAST_NAME, GENDER, HIRE_DATE, SUPERVISOR_ID) VALUES (100012, 'Dasie', 'P', 'Sinkins', 'Female','05/05/2017', 100003);
GO

INSERT INTO EMPLOYEE (EMPLOYEE_ID, E_FIRST_NAME, E_MIDDLE_INTIAL, E_LAST_NAME, GENDER, HIRE_DATE, SUPERVISOR_ID) VALUES (100013, 'Skyler', 'B', 'Stimson', 'Male','02/01/2018', 100003);
GO

INSERT INTO EMPLOYEE (EMPLOYEE_ID, E_FIRST_NAME, E_MIDDLE_INTIAL, E_LAST_NAME, GENDER, HIRE_DATE, SUPERVISOR_ID) VALUES (100014, 'Kevon', 'V', 'Gittose', 'Male','02/01/2018', 100003);
GO

INSERT INTO EMPLOYEE (EMPLOYEE_ID, E_FIRST_NAME, E_MIDDLE_INTIAL, E_LAST_NAME, GENDER, HIRE_DATE, SUPERVISOR_ID) VALUES (100015, 'Rory', 'D', 'Langhorne', 'Male','08/01/2017', 100003);
GO

INSERT INTO EMPLOYEE (EMPLOYEE_ID, E_FIRST_NAME, E_MIDDLE_INTIAL, E_LAST_NAME, GENDER, HIRE_DATE, SUPERVISOR_ID) VALUES (100016, 'Dory', 'C', 'Mintoft', 'Male','01/05/2018', 100003);
GO

INSERT INTO EMPLOYEE (EMPLOYEE_ID, E_FIRST_NAME, E_MIDDLE_INTIAL, E_LAST_NAME, GENDER, HIRE_DATE, SUPERVISOR_ID) VALUES (100017, 'Lizzie', 'G', 'Gibbs', 'Female','09/01/2017', 100004);
GO

INSERT INTO EMPLOYEE (EMPLOYEE_ID, E_FIRST_NAME, E_MIDDLE_INTIAL, E_LAST_NAME, GENDER, HIRE_DATE, SUPERVISOR_ID) VALUES (100018, 'Edna', 'M', 'Ludgate', 'Female','06/01/2019', 100004);
GO

INSERT INTO EMPLOYEE (EMPLOYEE_ID, E_FIRST_NAME, E_MIDDLE_INTIAL, E_LAST_NAME, GENDER, HIRE_DATE, SUPERVISOR_ID) VALUES (100019, 'Tamarah', 'N', 'Raulston', 'Female','03/01/2017', 100004);
GO

INSERT INTO EMPLOYEE (EMPLOYEE_ID, E_FIRST_NAME, E_MIDDLE_INTIAL, E_LAST_NAME, GENDER, HIRE_DATE, SUPERVISOR_ID) VALUES (100020, 'Jacquelynn', 'S', 'Aldus', 'Female','07/05/2018', 100004);
GO

INSERT INTO EMPLOYEE (EMPLOYEE_ID, E_FIRST_NAME, E_MIDDLE_INTIAL, E_LAST_NAME, GENDER, HIRE_DATE, SUPERVISOR_ID) VALUES (100021, 'Godfry', 'V', 'Hutchin', 'Male','02/04/2018', 100004);
GO

INSERT INTO EMPLOYEE (EMPLOYEE_ID, E_FIRST_NAME, E_MIDDLE_INTIAL, E_LAST_NAME, GENDER, HIRE_DATE, SUPERVISOR_ID) VALUES (100022, 'Toddie', 'G', 'Capeloff', 'Male','06/01/2019', 100004);
GO

----------------------------------
--"INSERT DATA INTO DEPARTMENT "
---------------------------------
INSERT INTO DEPARTMENT(DEPT_ID, DEPT_DESCRIPTION, DEPT_NAME) VALUES (100000, 'Information Security Department', 'IS Department');
GO

INSERT INTO DEPARTMENT(DEPT_ID, DEPT_DESCRIPTION, DEPT_NAME) VALUES (200000, 'Systems Architecture Department', 'SA Department');
GO

INSERT INTO DEPARTMENT(DEPT_ID, DEPT_DESCRIPTION, DEPT_NAME) VALUES (300000, 'Infrastructure Engineering Department', 'IN Department');
GO

----------------------------------
--"INSERT DATA INTO BUDGET "
---------------------------------
INSERT INTO BUDGET(BUDGET_ID, TEAM_ID, BUDGET, BUDGET_PERIOD) VALUES (100000, 100, 500000, '01/01/2019-12/31/2019');
GO

INSERT INTO BUDGET(BUDGET_ID, TEAM_ID, BUDGET, BUDGET_PERIOD) VALUES (200000, 200, 500000, '01/01/2019-12/31/2019');
GO

INSERT INTO BUDGET(BUDGET_ID, TEAM_ID, BUDGET, BUDGET_PERIOD) VALUES (300000, 300, 500000, '01/01/2019-12/31/2019');
GO

INSERT INTO BUDGET(BUDGET_ID, TEAM_ID, BUDGET, BUDGET_PERIOD) VALUES (400000, 400, 500000, '01/01/2019-12/31/2019');
GO

INSERT INTO BUDGET(BUDGET_ID, TEAM_ID, BUDGET, BUDGET_PERIOD) VALUES (500000, 500, 500000, '01/01/2019-12/31/2019');
GO

INSERT INTO BUDGET(BUDGET_ID, TEAM_ID, BUDGET, BUDGET_PERIOD) VALUES (600000, 600, 500000, '01/01/2019-12/31/2019');
GO

----------------------------------
--"INSERT DATA INTO PERFORMANCE RATING "
---------------------------------
INSERT INTO PERFORMANCE_RATING(P_RATING_ID, P_RATING_NAME, P_RATING_DESCRIPTION, MG_LOWER_BOUND, MG_TARGET, MG_UPPER_BOUND) VALUES ('EC', 'Exceptional Contributor', 'Highly skilled, knowledgeable performer and positive role model whose performance consistently surpasses the objectives and expectations of the position.', 0.045, 0.05, 0.055);
GO

INSERT INTO PERFORMANCE_RATING(P_RATING_ID, P_RATING_NAME, P_RATING_DESCRIPTION, MG_LOWER_BOUND, MG_TARGET, MG_UPPER_BOUND) VALUES ('OP', 'Outstanding Progress', 'Making outstanding progress through the training program or period.', 0.0325, 0.035, 0.0375);
GO

INSERT INTO PERFORMANCE_RATING(P_RATING_ID, P_RATING_NAME, P_RATING_DESCRIPTION, MG_LOWER_BOUND, MG_TARGET, MG_UPPER_BOUND) VALUES ('SC+', 'Sucessful Contributor+', 'Competent and valued performer who consistently meets the objectives and expectations of the position.', 0.0275, 0.03, 0.0325);
GO

INSERT INTO PERFORMANCE_RATING(P_RATING_ID, P_RATING_NAME, P_RATING_DESCRIPTION, MG_LOWER_BOUND, MG_TARGET, MG_UPPER_BOUND) VALUES ('SC', 'Sucessful Contributor', 'Competent and valued performer who consistently meets the objectives and expectations of the position.', 0.0225, 0.025, 0.0275);
GO

INSERT INTO PERFORMANCE_RATING(P_RATING_ID, P_RATING_NAME, P_RATING_DESCRIPTION, MG_LOWER_BOUND, MG_TARGET, MG_UPPER_BOUND) VALUES ('SP', 'Satisfactory Progress', 'Making satisfactory progress through the training program or period.', 0.02, 0.021, 0.0225);
GO

INSERT INTO PERFORMANCE_RATING(P_RATING_ID, P_RATING_NAME, P_RATING_DESCRIPTION, MG_LOWER_BOUND, MG_TARGET, MG_UPPER_BOUND) VALUES ('SC-', 'Sucessful Contributor', 'Competent and valued performer who consistently meets the objectives and expectations of the position', 0, 0, 0);
GO

INSERT INTO PERFORMANCE_RATING(P_RATING_ID, P_RATING_NAME, P_RATING_DESCRIPTION, MG_LOWER_BOUND, MG_TARGET, MG_UPPER_BOUND) VALUES ('NI', 'Needs Improvement', 'Improvement required to meet the objectives and expectations of the position.', 0, 0, 0);
GO

INSERT INTO PERFORMANCE_RATING(P_RATING_ID, P_RATING_NAME, P_RATING_DESCRIPTION, MG_LOWER_BOUND, MG_TARGET, MG_UPPER_BOUND) VALUES ('UP', 'Unacceptable Progress', 'Unacceptable progress through the training program or period.', 0, 0, 0);
GO

----------------------------------
--"INSERT DATA INTO PERFORMANCE REVIEW "
---------------------------------
INSERT INTO PERFORMANCE_REVIEW(REPORT_ID, EMPLOYEE_ID, DATE_OF_REVIEW, PR_SUPERVISOR, PR_REVIEW_PERIOD, P_RATING_ID, PR_LAST_RATING, PR_POSITION, PR_DEPARTMENT, PR_DATE_OF_NEXT_REVIEW) 
VALUES (5735914357, 100001, '04/23/2015', 'Strickland', '04/23/2014-04/23/2015', 'EC', '', 'Director', 'IS Department', '04/23/2016');
GO

INSERT INTO PERFORMANCE_REVIEW(REPORT_ID, EMPLOYEE_ID, DATE_OF_REVIEW, PR_SUPERVISOR, PR_REVIEW_PERIOD, P_RATING_ID, PR_LAST_RATING, PR_POSITION, PR_DEPARTMENT, PR_DATE_OF_NEXT_REVIEW) 
VALUES (5984875429, 100001, '04/23/2016', 'Strickland', '04/23/2015-04/23/2016', 'SC+', 'EC', 'Director', 'IS Department', '04/23/2017');
GO

INSERT INTO PERFORMANCE_REVIEW(REPORT_ID, EMPLOYEE_ID, DATE_OF_REVIEW, PR_SUPERVISOR, PR_REVIEW_PERIOD, P_RATING_ID, PR_LAST_RATING, PR_POSITION, PR_DEPARTMENT, PR_DATE_OF_NEXT_REVIEW) 
VALUES (3223415086, 100001, '04/23/2017', 'Strickland', '04/23/2016-04/23/2017', 'EC', 'SC+', 'Director', 'IS Department', '04/23/2018');
GO

INSERT INTO PERFORMANCE_REVIEW(REPORT_ID, EMPLOYEE_ID, DATE_OF_REVIEW, PR_SUPERVISOR, PR_REVIEW_PERIOD, P_RATING_ID, PR_LAST_RATING, PR_POSITION, PR_DEPARTMENT, PR_DATE_OF_NEXT_REVIEW) 
VALUES (3858851179, 100001, '04/23/2018', 'Strickland', '04/23/2017-04/23/2018', 'SC+', 'EC', 'Director', 'IS Department', '04/23/2019');
GO

INSERT INTO PERFORMANCE_REVIEW(REPORT_ID, EMPLOYEE_ID, DATE_OF_REVIEW, PR_SUPERVISOR, PR_REVIEW_PERIOD, P_RATING_ID, PR_LAST_RATING, PR_POSITION, PR_DEPARTMENT, PR_DATE_OF_NEXT_REVIEW) 
VALUES (8740724944, 100001, '04/23/2019', 'Strickland', '04/23/2018-04/23/2019', 'EC', 'SC+', 'Director', 'IS Department', '04/23/2020');
GO

INSERT INTO PERFORMANCE_REVIEW(REPORT_ID, EMPLOYEE_ID, DATE_OF_REVIEW, PR_SUPERVISOR, PR_REVIEW_PERIOD, P_RATING_ID, PR_LAST_RATING, PR_POSITION, PR_DEPARTMENT, PR_DATE_OF_NEXT_REVIEW) 
VALUES (7253930862, 100002, '05/01/2018', 'Kirsz', '05/01/2017-05/01/2018', 'SC+', '','IS Manager', 'IS Department', '05/01/2019');
GO

INSERT INTO PERFORMANCE_REVIEW(REPORT_ID, EMPLOYEE_ID, DATE_OF_REVIEW, PR_SUPERVISOR, PR_REVIEW_PERIOD, P_RATING_ID, PR_LAST_RATING, PR_POSITION, PR_DEPARTMENT, PR_DATE_OF_NEXT_REVIEW) 
VALUES (8402542549, 100002, '05/01/2019', 'Kirsz', '05/01/2018-05/01/2019', 'SC', 'SC+','IS Manager', 'IS Department', '05/01/2020');
GO

INSERT INTO PERFORMANCE_REVIEW(REPORT_ID, EMPLOYEE_ID, DATE_OF_REVIEW, PR_SUPERVISOR, PR_REVIEW_PERIOD, P_RATING_ID, PR_LAST_RATING, PR_POSITION, PR_DEPARTMENT, PR_DATE_OF_NEXT_REVIEW) 
VALUES (9256657149, 100003, '05/01/2018', 'Kirsz', '05/01/2017-05/01/2018', 'SC-', '', 'IS Manager', 'IS Department', '05/01/2019');
GO

INSERT INTO PERFORMANCE_REVIEW(REPORT_ID, EMPLOYEE_ID, DATE_OF_REVIEW, PR_SUPERVISOR, PR_REVIEW_PERIOD, P_RATING_ID, PR_LAST_RATING, PR_POSITION, PR_DEPARTMENT, PR_DATE_OF_NEXT_REVIEW) 
VALUES (4642549751, 100004, '05/15/2018', 'Langtree', '05/15/2017-05/15/2017', 'SC', '','IS Supervisor', 'IS Department', '05/15/2019');
GO

INSERT INTO PERFORMANCE_REVIEW(REPORT_ID, EMPLOYEE_ID, DATE_OF_REVIEW, PR_SUPERVISOR, PR_REVIEW_PERIOD, P_RATING_ID, PR_LAST_RATING, PR_POSITION, PR_DEPARTMENT, PR_DATE_OF_NEXT_REVIEW) 
VALUES (4379907072, 100004, '05/15/2019', 'Langtree', '05/15/2018-05/15/2019', 'SC', 'SC','IS Supervisor', 'IS Department', '05/15/2020');
GO

INSERT INTO PERFORMANCE_REVIEW(REPORT_ID, EMPLOYEE_ID, DATE_OF_REVIEW, PR_SUPERVISOR, PR_REVIEW_PERIOD, P_RATING_ID, PR_LAST_RATING, PR_POSITION, PR_DEPARTMENT, PR_DATE_OF_NEXT_REVIEW) 
VALUES (3994995058, 100005, '04/08/2020', 'Langtree', '04/08/2019-04/08/2020', 'SC', '','IS Supervisor', 'IS Department', '04/08/2021');
GO

INSERT INTO PERFORMANCE_REVIEW(REPORT_ID, EMPLOYEE_ID, DATE_OF_REVIEW, PR_SUPERVISOR, PR_REVIEW_PERIOD, P_RATING_ID, PR_LAST_RATING, PR_POSITION, PR_DEPARTMENT, PR_DATE_OF_NEXT_REVIEW) 
VALUES (5561259828, 100006, '02/05/2019', 'Langtree', '02/05/2018-02/05/2019', 'SC', '','Systems Developer', 'IS Department', '02/05/2020');
GO

INSERT INTO PERFORMANCE_REVIEW(REPORT_ID, EMPLOYEE_ID, DATE_OF_REVIEW, PR_SUPERVISOR, PR_REVIEW_PERIOD, P_RATING_ID, PR_LAST_RATING, PR_POSITION, PR_DEPARTMENT, PR_DATE_OF_NEXT_REVIEW) 
VALUES (4508752742, 100007, '02/07/2019', 'Langtree', '02/07/2018-02/07/2019', 'SC', '','Systems Developer', 'IS Department', '02/07/2020');
GO

INSERT INTO PERFORMANCE_REVIEW(REPORT_ID, EMPLOYEE_ID, DATE_OF_REVIEW, PR_SUPERVISOR, PR_REVIEW_PERIOD, P_RATING_ID, PR_LAST_RATING, PR_POSITION, PR_DEPARTMENT, PR_DATE_OF_NEXT_REVIEW) 
VALUES (7850956813, 100007, '02/07/2020', 'Langtree', '02/07/2019-02/07/2020', 'SC', 'SC','Systems Developer', 'IS Department', '02/07/2021');
GO

INSERT INTO PERFORMANCE_REVIEW(REPORT_ID, EMPLOYEE_ID, DATE_OF_REVIEW, PR_SUPERVISOR, PR_REVIEW_PERIOD, P_RATING_ID, PR_LAST_RATING, PR_POSITION, PR_DEPARTMENT, PR_DATE_OF_NEXT_REVIEW) 
VALUES (0090190518, 100008, '02/05/2020', 'Langtree', '02/05/2019-02/05/2020', 'SC+', '','Systems Developer', 'IS Department', '02/05/2021');
GO

INSERT INTO PERFORMANCE_REVIEW(REPORT_ID, EMPLOYEE_ID, DATE_OF_REVIEW, PR_SUPERVISOR, PR_REVIEW_PERIOD, P_RATING_ID, PR_LAST_RATING, PR_POSITION, PR_DEPARTMENT, PR_DATE_OF_NEXT_REVIEW) 
VALUES (1555188087, 100009, '06/05/2018', 'Langtree', '06/05/2017-06/05/2018', 'SC', '','Systems Developer', 'IS Department', '06/05/2019');
GO

INSERT INTO PERFORMANCE_REVIEW(REPORT_ID, EMPLOYEE_ID, DATE_OF_REVIEW, PR_SUPERVISOR, PR_REVIEW_PERIOD, P_RATING_ID, PR_LAST_RATING, PR_POSITION, PR_DEPARTMENT, PR_DATE_OF_NEXT_REVIEW) 
VALUES (4333570995, 100009, '06/05/2019', 'Langtree', '06/05/2018-06/05/2019', 'SC', 'SC','Systems Developer', 'IS Department', '06/05/2020');
GO

INSERT INTO PERFORMANCE_REVIEW(REPORT_ID, EMPLOYEE_ID, DATE_OF_REVIEW, PR_SUPERVISOR, PR_REVIEW_PERIOD, P_RATING_ID, PR_LAST_RATING, PR_POSITION, PR_DEPARTMENT, PR_DATE_OF_NEXT_REVIEW) 
VALUES (7361468471, 100010, '06/05/2018', 'Langtree', '06/05/2017-06/05/2018', 'SC', '','Systems Developer', 'IS Department', '06/05/2019');
GO

INSERT INTO PERFORMANCE_REVIEW(REPORT_ID, EMPLOYEE_ID, DATE_OF_REVIEW, PR_SUPERVISOR, PR_REVIEW_PERIOD, P_RATING_ID, PR_LAST_RATING, PR_POSITION, PR_DEPARTMENT, PR_DATE_OF_NEXT_REVIEW) 
VALUES (9322352004, 100010, '06/05/2019', 'Langtree', '06/05/2018-06/05/2019', 'SC', 'SC','Systems Developer', 'IS Department', '06/05/2020');
GO

INSERT INTO PERFORMANCE_REVIEW(REPORT_ID, EMPLOYEE_ID, DATE_OF_REVIEW, PR_SUPERVISOR, PR_REVIEW_PERIOD, P_RATING_ID, PR_LAST_RATING, PR_POSITION, PR_DEPARTMENT, PR_DATE_OF_NEXT_REVIEW) 
VALUES (4139970644, 100012, '06/05/2019', 'Shaplin', '06/05/2018-06/05/2019', 'SC', '', 'Systems Engineer', 'IS Department', '06/05/2020');
GO

INSERT INTO PERFORMANCE_REVIEW(REPORT_ID, EMPLOYEE_ID, DATE_OF_REVIEW, PR_SUPERVISOR, PR_REVIEW_PERIOD, P_RATING_ID, PR_LAST_RATING, PR_POSITION, PR_DEPARTMENT, PR_DATE_OF_NEXT_REVIEW) 
VALUES (6079735098, 100013, '03/01/2019', 'Shaplin', '03/01/2018-03/01/2019', 'SC', '', 'Systems Engineer', 'IS Department', '03/01/2020');
GO

INSERT INTO PERFORMANCE_REVIEW(REPORT_ID, EMPLOYEE_ID, DATE_OF_REVIEW, PR_SUPERVISOR, PR_REVIEW_PERIOD, P_RATING_ID, PR_LAST_RATING, PR_POSITION, PR_DEPARTMENT, PR_DATE_OF_NEXT_REVIEW) 
VALUES (5861986286, 100013, '03/01/2020', 'Shaplin', '03/01/2019-03/01/2020', 'SC', 'SC', 'Systems Engineer', 'IS Department', '03/01/2021');
GO

INSERT INTO PERFORMANCE_REVIEW(REPORT_ID, EMPLOYEE_ID, DATE_OF_REVIEW, PR_SUPERVISOR, PR_REVIEW_PERIOD, P_RATING_ID, PR_LAST_RATING, PR_POSITION, PR_DEPARTMENT, PR_DATE_OF_NEXT_REVIEW) 
VALUES (1985517861, 100014, '03/01/2019', 'Shaplin', '03/01/2018-03/01/2019', 'SC', '', 'Systems Engineer', 'IS Department', '03/01/2020');
GO

INSERT INTO PERFORMANCE_REVIEW(REPORT_ID, EMPLOYEE_ID, DATE_OF_REVIEW, PR_SUPERVISOR, PR_REVIEW_PERIOD, P_RATING_ID, PR_LAST_RATING, PR_POSITION, PR_DEPARTMENT, PR_DATE_OF_NEXT_REVIEW) 
VALUES (2050679847, 100015, '09/01/2018', 'Shaplin', '09/01/2017-09/01/2018', 'SC', '','IS Engineer', 'IS Department', '09/01/2019');
GO

INSERT INTO PERFORMANCE_REVIEW(REPORT_ID, EMPLOYEE_ID, DATE_OF_REVIEW, PR_SUPERVISOR, PR_REVIEW_PERIOD, P_RATING_ID, PR_LAST_RATING, PR_POSITION, PR_DEPARTMENT, PR_DATE_OF_NEXT_REVIEW) 
VALUES (8722453850, 100015, '09/01/2019', 'Shaplin', '09/01/2018-09/01/2019', 'SC', 'SC','IS Engineer', 'IS Department', '09/01/2020');
GO

INSERT INTO PERFORMANCE_REVIEW(REPORT_ID, EMPLOYEE_ID, DATE_OF_REVIEW, PR_SUPERVISOR, PR_REVIEW_PERIOD, P_RATING_ID, PR_LAST_RATING, PR_POSITION, PR_DEPARTMENT, PR_DATE_OF_NEXT_REVIEW) 
VALUES (6240760953, 100016, '02/05/2019', 'Shaplin', '02/05/2018-02/05/2019', 'SC', '','IS Engineer', 'IS Department', '02/05/2020');
GO

INSERT INTO PERFORMANCE_REVIEW(REPORT_ID, EMPLOYEE_ID, DATE_OF_REVIEW, PR_SUPERVISOR, PR_REVIEW_PERIOD, P_RATING_ID, PR_LAST_RATING, PR_POSITION, PR_DEPARTMENT, PR_DATE_OF_NEXT_REVIEW) 
VALUES (9500029529, 100016, '02/05/2020', 'Shaplin', '02/05/2019-02/05/2020', 'SC', 'SC','IS Engineer', 'IS Department', '02/05/2021');
GO

INSERT INTO PERFORMANCE_REVIEW(REPORT_ID, EMPLOYEE_ID, DATE_OF_REVIEW, PR_SUPERVISOR, PR_REVIEW_PERIOD, P_RATING_ID, PR_LAST_RATING, PR_POSITION, PR_DEPARTMENT, PR_DATE_OF_NEXT_REVIEW) 
VALUES (7297662513, 100017, '10/01/2018', 'Kemwall', '10/01/2017-10/01/2018', 'SC', '','IS Engineer', 'IS Department', '10/01/2019');
GO

INSERT INTO PERFORMANCE_REVIEW(REPORT_ID, EMPLOYEE_ID, DATE_OF_REVIEW, PR_SUPERVISOR, PR_REVIEW_PERIOD, P_RATING_ID, PR_LAST_RATING, PR_POSITION, PR_DEPARTMENT, PR_DATE_OF_NEXT_REVIEW) 
VALUES (3965605227, 100017, '10/01/2019', 'Kemwall', '10/01/2018-10/01/2019', 'SC', 'SC','IS Engineer', 'IS Department', '10/01/2020');
GO

INSERT INTO PERFORMANCE_REVIEW(REPORT_ID, EMPLOYEE_ID, DATE_OF_REVIEW, PR_SUPERVISOR, PR_REVIEW_PERIOD, P_RATING_ID, PR_LAST_RATING, PR_POSITION, PR_DEPARTMENT, PR_DATE_OF_NEXT_REVIEW) 
VALUES (4089908549, 100019, '04/01/2018', 'Kemwall', '04/01/2017-04/01/2018', 'SC+', '','Systems Architect', 'IS Department', '04/01/2019');
GO

INSERT INTO PERFORMANCE_REVIEW(REPORT_ID, EMPLOYEE_ID, DATE_OF_REVIEW, PR_SUPERVISOR, PR_REVIEW_PERIOD, P_RATING_ID, PR_LAST_RATING, PR_POSITION, PR_DEPARTMENT, PR_DATE_OF_NEXT_REVIEW) 
VALUES (5896493840, 100019, '04/01/2019', 'Kemwall', '04/01/2018-04/01/2019', 'SC+', 'SC+','Systems Architect', 'IS Department', '04/01/2020');
GO

INSERT INTO PERFORMANCE_REVIEW(REPORT_ID, EMPLOYEE_ID, DATE_OF_REVIEW, PR_SUPERVISOR, PR_REVIEW_PERIOD, P_RATING_ID, PR_LAST_RATING, PR_POSITION, PR_DEPARTMENT, PR_DATE_OF_NEXT_REVIEW) 
VALUES (0498369902, 100019, '04/01/2020', 'Kemwall', '04/01/2019-04/01/2020', 'SC+', 'SC+','Systems Architect', 'IS Department', '04/01/2021');
GO

INSERT INTO PERFORMANCE_REVIEW(REPORT_ID, EMPLOYEE_ID, DATE_OF_REVIEW, PR_SUPERVISOR, PR_REVIEW_PERIOD, P_RATING_ID, PR_LAST_RATING, PR_POSITION, PR_DEPARTMENT, PR_DATE_OF_NEXT_REVIEW) 
VALUES (7785223420, 100020, '08/05/2019', 'Kemwall', '08/05/2018-08/05/2019', 'SC', '','Systems Architect', 'IS Department', '08/05/2020');
GO

----------------------------------
--"INSERT DATA INTO PAY HISTORY"
---------------------------------
INSERT INTO PAY_HISTORY("EMPLOYEE_ID", "PAY_START_DATE", "SALARY_FLAG", "PAY_AMOUNT") VALUES (100000, '03/23/2005', 1, 225000);
GO

INSERT INTO PAY_HISTORY("EMPLOYEE_ID", "PAY_START_DATE", "SALARY_FLAG", "PAY_AMOUNT") VALUES (100000, '03/23/2006', 1, 228000);
GO

INSERT INTO PAY_HISTORY("EMPLOYEE_ID", "PAY_START_DATE", "SALARY_FLAG", "PAY_AMOUNT") VALUES (100000, '03/23/2007', 1, 230000);
GO

INSERT INTO PAY_HISTORY("EMPLOYEE_ID", "PAY_START_DATE", "SALARY_FLAG", "PAY_AMOUNT") VALUES (100000, '03/23/2010', 1, 240000);
GO

INSERT INTO PAY_HISTORY("EMPLOYEE_ID", "PAY_START_DATE", "SALARY_FLAG", "PAY_AMOUNT") VALUES (100000, '03/23/2015', 1, 250000);
GO

INSERT INTO PAY_HISTORY("EMPLOYEE_ID", "PAY_START_DATE", "SALARY_FLAG", "PAY_AMOUNT") VALUES (100000, '03/23/2018', 1, 270000);
GO

INSERT INTO PAY_HISTORY("EMPLOYEE_ID", "PAY_START_DATE", "SALARY_FLAG", "PAY_AMOUNT") VALUES (100000, '03/23/2020', 1, 300000);
GO

INSERT INTO PAY_HISTORY("EMPLOYEE_ID", "PAY_START_DATE", "SALARY_FLAG", "PAY_AMOUNT") VALUES (100001, '03/23/2005', 1, 175000);
GO

INSERT INTO PAY_HISTORY("EMPLOYEE_ID", "PAY_START_DATE", "SALARY_FLAG", "PAY_AMOUNT") VALUES (100002, '04/01/2017', 1, 125000);
GO

INSERT INTO PAY_HISTORY("EMPLOYEE_ID", "PAY_START_DATE", "SALARY_FLAG", "PAY_AMOUNT") VALUES (100003, '04/01/2017', 1, 130000);
GO

INSERT INTO PAY_HISTORY("EMPLOYEE_ID", "PAY_START_DATE", "SALARY_FLAG", "PAY_AMOUNT") VALUES (100004, '04/15/2017', 1, 130000);
GO

INSERT INTO PAY_HISTORY("EMPLOYEE_ID", "PAY_START_DATE", "SALARY_FLAG", "PAY_AMOUNT") VALUES (100005, '03/08/2019', 1, 135000);
GO

INSERT INTO PAY_HISTORY("EMPLOYEE_ID", "PAY_START_DATE", "SALARY_FLAG", "PAY_AMOUNT") VALUES (100006, '01/05/2017', 1, 55000);
GO

INSERT INTO PAY_HISTORY("EMPLOYEE_ID", "PAY_START_DATE", "SALARY_FLAG", "PAY_AMOUNT") VALUES (100007, '01/07/2018', 1, 57000);
GO

INSERT INTO PAY_HISTORY("EMPLOYEE_ID", "PAY_START_DATE", "SALARY_FLAG", "PAY_AMOUNT") VALUES (100008, '03/05/2019', 1, 60000);
GO

INSERT INTO PAY_HISTORY("EMPLOYEE_ID", "PAY_START_DATE", "SALARY_FLAG", "PAY_AMOUNT") VALUES (100009, '05/05/2017', 1, 70000);
GO

INSERT INTO PAY_HISTORY("EMPLOYEE_ID", "PAY_START_DATE", "SALARY_FLAG", "PAY_AMOUNT") VALUES (100010, '05/05/2017', 1, 82000);
GO

INSERT INTO PAY_HISTORY("EMPLOYEE_ID", "PAY_START_DATE", "SALARY_FLAG", "PAY_AMOUNT") VALUES (100011, '08/01/2019', 1, 55000);
GO

INSERT INTO PAY_HISTORY("EMPLOYEE_ID", "PAY_START_DATE", "SALARY_FLAG", "PAY_AMOUNT") VALUES (100012, '05/05/2017', 1, 57000);
GO

INSERT INTO PAY_HISTORY("EMPLOYEE_ID", "PAY_START_DATE", "SALARY_FLAG", "PAY_AMOUNT") VALUES (100013, '02/01/2018', 1, 70000);
GO

INSERT INTO PAY_HISTORY("EMPLOYEE_ID", "PAY_START_DATE", "SALARY_FLAG", "PAY_AMOUNT") VALUES (100014, '02/01/2018', 1, 55000);
GO

INSERT INTO PAY_HISTORY("EMPLOYEE_ID", "PAY_START_DATE", "SALARY_FLAG", "PAY_AMOUNT") VALUES (100015, '08/01/2017', 1, 57000);
GO

INSERT INTO PAY_HISTORY("EMPLOYEE_ID", "PAY_START_DATE", "SALARY_FLAG", "PAY_AMOUNT") VALUES (100016, '01/05/2018', 1, 82000);
GO

INSERT INTO PAY_HISTORY("EMPLOYEE_ID", "PAY_START_DATE", "SALARY_FLAG", "PAY_AMOUNT") VALUES (100017, '09/01/2017', 1, 55000);
GO

INSERT INTO PAY_HISTORY("EMPLOYEE_ID", "PAY_START_DATE", "SALARY_FLAG", "PAY_AMOUNT") VALUES (100018, '06/01/2019', 1, 70000);
GO

INSERT INTO PAY_HISTORY("EMPLOYEE_ID", "PAY_START_DATE", "SALARY_FLAG", "PAY_AMOUNT") VALUES (100019, '03/01/2017', 1, 82000);
GO

INSERT INTO PAY_HISTORY("EMPLOYEE_ID", "PAY_START_DATE", "SALARY_FLAG", "PAY_AMOUNT") VALUES (100020, '07/05/2018', 1, 70000);
GO

INSERT INTO PAY_HISTORY("EMPLOYEE_ID", "PAY_START_DATE", "SALARY_FLAG", "PAY_AMOUNT") VALUES (100021, '06/01/2019', 1, 55000);
GO

INSERT INTO PAY_HISTORY("EMPLOYEE_ID", "PAY_START_DATE", "SALARY_FLAG", "PAY_AMOUNT") VALUES (100022, '06/01/2019', 1, 57000);
GO

----------------------------------
--"INSERT DATA INTO PROJECTIONS"
---------------------------------
INSERT INTO PROJECTIONS (EMPLOYEE_ID, DATE_OF_PROJECTION, PR_PROJECTION, SALARY_INCREASE_PROJECTION) VALUES (100001, '03/23/2015', 'EC', 0.045);
GO

INSERT INTO PROJECTIONS (EMPLOYEE_ID, DATE_OF_PROJECTION, PR_PROJECTION, SALARY_INCREASE_PROJECTION) VALUES (100001, '03/23/2016', 'SC+', 0.03);
GO

INSERT INTO PROJECTIONS (EMPLOYEE_ID, DATE_OF_PROJECTION, PR_PROJECTION, SALARY_INCREASE_PROJECTION) VALUES (100001, '03/23/2017', 'SC+', 0.0325);
GO

INSERT INTO PROJECTIONS (EMPLOYEE_ID, DATE_OF_PROJECTION, PR_PROJECTION, SALARY_INCREASE_PROJECTION) VALUES (100001, '03/23/2018', 'EC', 0.05);
GO

INSERT INTO PROJECTIONS (EMPLOYEE_ID, DATE_OF_PROJECTION, PR_PROJECTION, SALARY_INCREASE_PROJECTION) VALUES (100001, '03/23/2019', 'SC', 0.0275);
GO

INSERT INTO PROJECTIONS (EMPLOYEE_ID, DATE_OF_PROJECTION, PR_PROJECTION, SALARY_INCREASE_PROJECTION) VALUES (100001, '03/23/2020', 'SC+', 0.03);
GO

INSERT INTO PROJECTIONS (EMPLOYEE_ID, DATE_OF_PROJECTION, PR_PROJECTION, SALARY_INCREASE_PROJECTION) VALUES (100002, '01/27/2019', 'SC+', 0.03);
GO

INSERT INTO PROJECTIONS (EMPLOYEE_ID, DATE_OF_PROJECTION, PR_PROJECTION, SALARY_INCREASE_PROJECTION) VALUES(100002, '01/27/2020', 'SC+', 0.03);
GO

INSERT INTO PROJECTIONS (EMPLOYEE_ID, DATE_OF_PROJECTION, PR_PROJECTION, SALARY_INCREASE_PROJECTION) VALUES (100003, '04/01/2017', 'SC+', 0.03);
GO

INSERT INTO PROJECTIONS (EMPLOYEE_ID, DATE_OF_PROJECTION, PR_PROJECTION, SALARY_INCREASE_PROJECTION) VALUES (100003, '04/01/2018', 'SC-', 0);
GO

INSERT INTO PROJECTIONS (EMPLOYEE_ID, DATE_OF_PROJECTION, PR_PROJECTION, SALARY_INCREASE_PROJECTION) VALUES (100003, '04/01/2019', 'SC', 0.025);
GO

INSERT INTO PROJECTIONS (EMPLOYEE_ID, DATE_OF_PROJECTION, PR_PROJECTION, SALARY_INCREASE_PROJECTION) VALUES (100003, '04/01/2020', 'SC', 0.025);
GO

INSERT INTO PROJECTIONS (EMPLOYEE_ID, DATE_OF_PROJECTION, PR_PROJECTION, SALARY_INCREASE_PROJECTION) VALUES (100004, '04/15/2017', 'SC-', 0);
GO

INSERT INTO PROJECTIONS (EMPLOYEE_ID, DATE_OF_PROJECTION, PR_PROJECTION, SALARY_INCREASE_PROJECTION) VALUES (100004, '04/15/2018', 'SC', 0.025);
GO

INSERT INTO PROJECTIONS (EMPLOYEE_ID, DATE_OF_PROJECTION, PR_PROJECTION, SALARY_INCREASE_PROJECTION) VALUES (100004, '04/15/2019', 'SC', 0.025);
GO

INSERT INTO PROJECTIONS (EMPLOYEE_ID, DATE_OF_PROJECTION, PR_PROJECTION, SALARY_INCREASE_PROJECTION) VALUES (100004, '04/15/2020', 'SC', 0.025);
GO

INSERT INTO PROJECTIONS (EMPLOYEE_ID, DATE_OF_PROJECTION, PR_PROJECTION, SALARY_INCREASE_PROJECTION) VALUES (100005, '03/08/2019', 'EC', 0.045);
GO

INSERT INTO PROJECTIONS (EMPLOYEE_ID, DATE_OF_PROJECTION, PR_PROJECTION, SALARY_INCREASE_PROJECTION) VALUES (100005, '03/08/2020', 'EC', 0.045);
GO

INSERT INTO PROJECTIONS (EMPLOYEE_ID, DATE_OF_PROJECTION, PR_PROJECTION, SALARY_INCREASE_PROJECTION) VALUES (100006, '03/08/2018', 'SC', 0.025);
GO

INSERT INTO PROJECTIONS (EMPLOYEE_ID, DATE_OF_PROJECTION, PR_PROJECTION, SALARY_INCREASE_PROJECTION) VALUES (100006, '03/08/2019', 'SC', 0.025);
GO

INSERT INTO PROJECTIONS (EMPLOYEE_ID, DATE_OF_PROJECTION, PR_PROJECTION, SALARY_INCREASE_PROJECTION) VALUES (100006, '03/08/2020', 'SC', 0.0275);
GO

INSERT INTO PROJECTIONS (EMPLOYEE_ID, DATE_OF_PROJECTION, PR_PROJECTION, SALARY_INCREASE_PROJECTION) VALUES (100007, '01/07/2019', 'SC', 0.0275);
GO

INSERT INTO PROJECTIONS (EMPLOYEE_ID, DATE_OF_PROJECTION, PR_PROJECTION, SALARY_INCREASE_PROJECTION) VALUES (100007, '01/07/2020', 'SC', 0.0275);
GO

INSERT INTO PROJECTIONS (EMPLOYEE_ID, DATE_OF_PROJECTION, PR_PROJECTION, SALARY_INCREASE_PROJECTION) VALUES (100008, '03/05/2020', 'SC+', 0.0325);
GO

INSERT INTO PROJECTIONS (EMPLOYEE_ID, DATE_OF_PROJECTION, PR_PROJECTION, SALARY_INCREASE_PROJECTION) VALUES (100009, '05/05/2018', 'SC', 0.0275);
GO

INSERT INTO PROJECTIONS (EMPLOYEE_ID, DATE_OF_PROJECTION, PR_PROJECTION, SALARY_INCREASE_PROJECTION) VALUES (100009, '05/05/2019', 'SC', 0.0275);
GO

INSERT INTO PROJECTIONS (EMPLOYEE_ID, DATE_OF_PROJECTION, PR_PROJECTION, SALARY_INCREASE_PROJECTION) VALUES (100010, '05/05/2018', 'SC', 0.0275);
GO

INSERT INTO PROJECTIONS (EMPLOYEE_ID, DATE_OF_PROJECTION, PR_PROJECTION, SALARY_INCREASE_PROJECTION) VALUES (100010, '05/05/2019', 'SC', 0.0275);
GO

INSERT INTO PROJECTIONS (EMPLOYEE_ID, DATE_OF_PROJECTION, PR_PROJECTION, SALARY_INCREASE_PROJECTION) VALUES (100010, '05/05/2020', 'SC', 0.0275);
GO

INSERT INTO PROJECTIONS (EMPLOYEE_ID, DATE_OF_PROJECTION, PR_PROJECTION, SALARY_INCREASE_PROJECTION) VALUES (100012, '05/05/2018', 'SC', 0.0275);
GO

INSERT INTO PROJECTIONS (EMPLOYEE_ID, DATE_OF_PROJECTION, PR_PROJECTION, SALARY_INCREASE_PROJECTION) VALUES (100012, '05/05/2019', 'SC', 0.0275);
GO

INSERT INTO PROJECTIONS (EMPLOYEE_ID, DATE_OF_PROJECTION, PR_PROJECTION, SALARY_INCREASE_PROJECTION) VALUES (100013, '02/01/2019', 'SC', 0.0275);
GO

INSERT INTO PROJECTIONS (EMPLOYEE_ID, DATE_OF_PROJECTION, PR_PROJECTION, SALARY_INCREASE_PROJECTION) VALUES (100013, '02/01/2020', 'SC', 0.0275);
GO

INSERT INTO PROJECTIONS (EMPLOYEE_ID, DATE_OF_PROJECTION, PR_PROJECTION, SALARY_INCREASE_PROJECTION) VALUES (100014, '02/01/2019', 'SC', 0.0275);
GO

INSERT INTO PROJECTIONS (EMPLOYEE_ID, DATE_OF_PROJECTION, PR_PROJECTION, SALARY_INCREASE_PROJECTION) VALUES (100014, '02/01/2020', 'SC', 0.0275);
GO

INSERT INTO PROJECTIONS (EMPLOYEE_ID, DATE_OF_PROJECTION, PR_PROJECTION, SALARY_INCREASE_PROJECTION) VALUES (100015, '08/01/2018', 'SC', 0.0275);
GO

INSERT INTO PROJECTIONS (EMPLOYEE_ID, DATE_OF_PROJECTION, PR_PROJECTION, SALARY_INCREASE_PROJECTION) VALUES (100015, '08/01/2019', 'SC', 0.0275);
GO

INSERT INTO PROJECTIONS (EMPLOYEE_ID, DATE_OF_PROJECTION, PR_PROJECTION, SALARY_INCREASE_PROJECTION) VALUES (100016, '01/05/2019', 'SC+', 0.0325);
GO

INSERT INTO PROJECTIONS (EMPLOYEE_ID, DATE_OF_PROJECTION, PR_PROJECTION, SALARY_INCREASE_PROJECTION) VALUES (100016, '01/05/2020', 'SC+', 0.0325);
GO

INSERT INTO PROJECTIONS (EMPLOYEE_ID, DATE_OF_PROJECTION, PR_PROJECTION, SALARY_INCREASE_PROJECTION) VALUES (100017, '09/01/2018', 'SC+', 0.0325);
GO

INSERT INTO PROJECTIONS (EMPLOYEE_ID, DATE_OF_PROJECTION, PR_PROJECTION, SALARY_INCREASE_PROJECTION) VALUES (100017, '09/01/2019', 'SC+', 0.0325);
GO

INSERT INTO PROJECTIONS (EMPLOYEE_ID, DATE_OF_PROJECTION, PR_PROJECTION, SALARY_INCREASE_PROJECTION) VALUES (100019, '03/01/2018', 'SC+', 0.0325);
GO

INSERT INTO PROJECTIONS (EMPLOYEE_ID, DATE_OF_PROJECTION, PR_PROJECTION, SALARY_INCREASE_PROJECTION) VALUES (100019, '03/01/2010', 'SC+', 0.0325);
GO

INSERT INTO PROJECTIONS (EMPLOYEE_ID, DATE_OF_PROJECTION, PR_PROJECTION, SALARY_INCREASE_PROJECTION) VALUES (100019, '03/01/2020', 'SC+', 0.0325);
GO

INSERT INTO PROJECTIONS (EMPLOYEE_ID, DATE_OF_PROJECTION, PR_PROJECTION, SALARY_INCREASE_PROJECTION) VALUES (100020, '07/05/2019', 'SC', 0.0275);
GO

INSERT INTO PROJECTIONS (EMPLOYEE_ID, DATE_OF_PROJECTION, PR_PROJECTION, SALARY_INCREASE_PROJECTION) VALUES (100021, '02/04/2019', 'SC', 0.0275);
GO

INSERT INTO PROJECTIONS (EMPLOYEE_ID, DATE_OF_PROJECTION, PR_PROJECTION, SALARY_INCREASE_PROJECTION) VALUES (100021, '02/04/2020', 'SC', 0.0275);
GO

----------------------------------
--"INSERT DATA INTO TEAM"
---------------------------------
INSERT INTO TEAM(TEAM_ID, TEAM_NAME, SUPERVISOR_ID, DEPT_ID) VALUES (100, 'Team Strickland', 100000, 100000);
GO

INSERT INTO TEAM(TEAM_ID, TEAM_NAME, SUPERVISOR_ID, DEPT_ID) VALUES (200, 'Team Kirsz', 100001,100000);
GO

INSERT INTO TEAM(TEAM_ID, TEAM_NAME, SUPERVISOR_ID, DEPT_ID) VALUES (300, 'Team Langtree', 100002,200000);
GO

INSERT INTO TEAM(TEAM_ID, TEAM_NAME, SUPERVISOR_ID, DEPT_ID) VALUES (400, 'Team Shaplin', 100003, 200000);
GO

INSERT INTO TEAM(TEAM_ID, TEAM_NAME, SUPERVISOR_ID, DEPT_ID) VALUES (500, 'Team Kemwall', 100004, 300000);
GO

INSERT INTO TEAM(TEAM_ID, TEAM_NAME, SUPERVISOR_ID, DEPT_ID) VALUES (600, 'Team Osburn', 100005, 300000);
GO
